seq,easting_m,northing_m,elev_m,chainage_m,grade_to_next_pct,landcover_class,unit_rate_usd_per_m,cum_constr_usd,cum_haul_usd,cum_cost_usd
1,583155.00,3349105.00,374.536,0.00,0.853,Cultivated cropland,480.00,0.00,0.00,0.00
2,583155.00,3349115.00,374.621,10.00,0.762,Cultivated cropland,480.00,4800.00,0.00,4800.00
3,583155.00,3349125.00,374.697,20.00,0.640,Existing gravel track,160.00,8000.00,0.00,8000.00
4,583155.00,3349135.00,374.761,30.00,2.198,Existing gravel track,160.00,9600.00,0.00,9600.00
5,583165.00,3349145.00,375.072,44.14,2.026,Existing gravel track,160.00,11862.74,0.00,11862.74
6,583175.00,3349155.00,375.359,58.28,1.875,Existing gravel track,160.00,14125.48,0.00,14125.48
7,583185.00,3349165.00,375.624,72.43,1.703,Existing gravel track,160.00,16388.23,0.00,16388.23
8,583195.00,3349175.00,375.865,86.57,1.595,Existing gravel track,160.00,18650.97,0.00,18650.97
9,583205.00,3349185.00,376.090,100.71,1.466,Existing gravel track,160.00,20913.71,0.00,20913.71
10,583215.00,3349195.00,376.298,114.85,1.401,Existing gravel track,160.00,23176.45,0.00,23176.45
11,583225.00,3349205.00,376.496,128.99,1.315,Existing gravel track,160.00,25439.19,0.00,25439.19
12,583235.00,3349215.00,376.682,143.14,1.315,Existing gravel track,160.00,27701.93,0.00,27701.93
13,583245.00,3349225.00,376.868,157.28,1.250,Existing gravel track,160.00,29964.68,0.00,29964.68
14,583255.00,3349235.00,377.044,171.42,1.272,Existing gravel track,160.00,32227.42,0.00,32227.42
15,583265.00,3349245.00,377.224,185.56,1.272,Existing gravel track,160.00,34490.16,0.00,34490.16
16,583275.00,3349255.00,377.404,199.71,1.315,Existing gravel track,160.00,36752.90,0.00,36752.90
17,583285.00,3349265.00,377.590,213.85,1.336,Existing gravel track,160.00,39015.64,0.00,39015.64
18,583295.00,3349275.00,377.779,227.99,1.358,Existing gravel track,160.00,41278.38,0.00,41278.38
19,583305.00,3349285.00,377.971,242.13,1.401,Existing gravel track,160.00,43541.13,0.00,43541.13
20,583315.00,3349295.00,378.169,256.27,1.444,Existing gravel track,160.00,45803.87,0.00,45803.87
21,583325.00,3349305.00,378.373,270.42,1.487,Existing gravel track,160.00,48066.61,0.00,48066.61
22,583335.00,3349315.00,378.584,284.56,1.509,Existing gravel track,160.00,50329.35,0.00,50329.35
23,583345.00,3349325.00,378.797,298.70,1.530,Existing gravel track,160.00,52592.09,0.00,52592.09
24,583355.00,3349335.00,379.013,312.84,1.595,Existing gravel track,160.00,54854.83,0.00,54854.83
25,583365.00,3349345.00,379.239,326.98,1.638,Existing gravel track,160.00,57117.58,0.00,57117.58
26,583375.00,3349355.00,379.471,341.13,1.681,Existing gravel track,160.00,59380.32,0.00,59380.32
27,583385.00,3349365.00,379.708,355.27,1.767,Existing gravel track,160.00,61643.06,0.00,61643.06
28,583395.00,3349375.00,379.958,369.41,1.832,Existing gravel track,160.00,63905.80,0.00,63905.80
29,583405.00,3349385.00,380.217,383.55,1.940,Existing gravel track,160.00,66168.54,0.00,66168.54
30,583415.00,3349395.00,380.492,397.70,2.069,Existing gravel track,160.00,68431.28,0.00,68431.28
31,583425.00,3349405.00,380.784,411.84,2.198,Existing gravel track,160.00,70694.03,0.00,70694.03
32,583435.00,3349415.00,381.095,425.98,2.371,Existing gravel track,160.00,72956.77,0.00,72956.77
33,583445.00,3349425.00,381.431,440.12,2.565,Existing gravel track,160.00,75219.51,0.00,75219.51
34,583455.00,3349435.00,381.793,454.26,2.759,Existing gravel track,160.00,77482.25,0.00,77482.25
35,583465.00,3349445.00,382.183,468.41,2.996,Existing gravel track,160.00,79744.99,0.00,79744.99
36,583475.00,3349455.00,382.607,482.55,3.211,Existing gravel track,160.00,82007.73,0.00,82007.73
37,583485.00,3349465.00,383.061,496.69,3.448,Existing gravel track,160.00,84294.39,0.00,84294.39
38,583495.00,3349475.00,383.549,510.83,3.686,Existing gravel track,160.00,86607.86,0.00,86607.86
39,583505.00,3349485.00,384.070,524.97,3.901,Existing gravel track,160.00,88948.16,0.00,88948.16
40,583515.00,3349495.00,384.622,539.12,4.117,Existing gravel track,160.00,91312.84,0.00,91312.84
41,583525.00,3349505.00,385.204,553.26,4.938,Existing gravel track,160.00,93701.91,0.00,93701.91
42,583535.00,3349505.00,385.698,563.26,5.243,Existing gravel track,160.00,95456.93,0.00,95456.93
43,583545.00,3349505.00,386.222,573.26,5.456,Existing gravel track,160.00,97236.33,0.00,97236.33
44,583555.00,3349505.00,386.768,583.26,5.456,Existing gravel track,160.00,99032.81,0.00,99032.81
45,583565.00,3349505.00,387.313,593.26,2.867,Cultivated cropland,480.00,102625.76,0.00,102625.76
46,583575.00,3349495.00,387.719,607.40,2.328,Cultivated cropland,480.00,109413.98,0.00,109413.98
47,583585.00,3349485.00,388.048,621.54,1.660,Cultivated cropland,480.00,116202.21,0.00,116202.21
48,583595.00,3349475.00,388.282,635.69,0.841,Cultivated cropland,480.00,122990.43,0.00,122990.43
49,583605.00,3349465.00,388.401,649.83,2.591,Cultivated cropland,480.00,129778.66,0.00,129778.66
50,583615.00,3349465.00,388.660,659.83,2.103,Cultivated cropland,480.00,134578.66,0.00,134578.66
51,583625.00,3349465.00,388.871,669.83,1.737,Cultivated cropland,480.00,139378.66,0.00,139378.66
52,583635.00,3349465.00,389.044,679.83,1.524,Cultivated cropland,480.00,144178.66,0.00,144178.66
53,583645.00,3349465.00,389.197,689.83,1.494,Cultivated cropland,480.00,148978.66,0.00,148978.66
54,583655.00,3349465.00,389.346,699.83,1.585,Cultivated cropland,480.00,153778.66,0.00,153778.66
55,583665.00,3349465.00,389.505,709.83,1.737,Cultivated cropland,480.00,158578.66,0.00,158578.66
56,583675.00,3349465.00,389.678,719.83,1.981,Cultivated cropland,480.00,163378.66,0.00,163378.66
57,583685.00,3349465.00,389.877,729.83,2.164,Cultivated cropland,480.00,168178.66,0.00,168178.66
58,583695.00,3349465.00,390.093,739.83,2.316,Cultivated cropland,480.00,172978.66,0.00,172978.66
59,583705.00,3349465.00,390.325,749.83,2.347,Cultivated cropland,480.00,177778.66,0.00,177778.66
60,583715.00,3349465.00,390.559,759.83,2.256,Cultivated cropland,480.00,182578.66,0.00,182578.66
61,583725.00,3349465.00,390.785,769.83,1.981,Cultivated cropland,480.00,187378.66,0.00,187378.66
62,583735.00,3349465.00,390.983,779.83,0.323,Cultivated cropland,480.00,192178.66,0.00,192178.66
63,583745.00,3349455.00,391.029,793.97,-0.108,Cultivated cropland,480.00,198966.88,0.00,198966.88
64,583755.00,3349445.00,391.013,808.11,-0.603,Cultivated cropland,480.00,205755.11,0.00,205755.11
65,583765.00,3349435.00,390.928,822.25,-0.122,Cultivated cropland,480.00,212543.33,0.00,212543.33
66,583775.00,3349435.00,390.916,832.25,-0.579,Cultivated cropland,480.00,217343.33,0.00,217343.33
67,583785.00,3349435.00,390.858,842.25,-0.914,Cultivated cropland,480.00,222143.33,0.00,222143.33
68,583795.00,3349435.00,390.767,852.25,-1.097,Cultivated cropland,480.00,226943.33,0.00,226943.33
69,583805.00,3349435.00,390.657,862.25,-1.067,Cultivated cropland,480.00,231743.33,877.83,232621.16
70,583815.00,3349435.00,390.550,872.25,-0.914,Cultivated cropland,480.00,236543.33,1731.27,238274.60
71,583825.00,3349435.00,390.459,882.25,-0.579,Cultivated cropland,480.00,241343.33,1731.27,243074.60
72,583835.00,3349435.00,390.401,892.25,-0.213,Cultivated cropland,480.00,246143.33,1731.27,247874.60
73,583845.00,3349435.00,390.379,902.25,0.244,Cultivated cropland,480.00,250943.33,1731.27,252674.60
74,583855.00,3349435.00,390.404,912.25,0.610,Cultivated cropland,480.00,255743.33,1731.27,257474.60
75,583865.00,3349435.00,390.465,922.25,0.945,Cultivated cropland,480.00,260543.33,1731.27,262274.60
76,583875.00,3349435.00,390.559,932.25,1.158,Cultivated cropland,480.00,265343.33,1731.27,267074.60
77,583885.00,3349435.00,390.675,942.25,1.219,Cultivated cropland,480.00,270143.33,1731.27,271874.60
78,583895.00,3349435.00,390.797,952.25,1.097,Cultivated cropland,480.00,274943.33,1731.27,276674.60
79,583905.00,3349435.00,390.907,962.25,0.914,Cultivated cropland,480.00,279743.33,1731.27,281474.60
80,583915.00,3349435.00,390.998,972.25,0.579,Cultivated cropland,480.00,284543.33,1731.27,286274.60
81,583925.00,3349435.00,391.056,982.25,0.244,Cultivated cropland,480.00,289343.33,1731.27,291074.60
82,583935.00,3349435.00,391.081,992.25,-0.091,Cultivated cropland,480.00,294143.33,1731.27,295874.60
83,583945.00,3349435.00,391.071,1002.25,-0.335,Cultivated cropland,480.00,298943.33,1731.27,300674.60
84,583955.00,3349435.00,391.038,1012.25,-0.488,Cultivated cropland,480.00,303743.33,1731.27,305474.60
85,583965.00,3349435.00,390.989,1022.25,-0.457,Cultivated cropland,480.00,308543.33,1731.27,310274.60
86,583975.00,3349435.00,390.943,1032.25,-0.305,Cultivated cropland,480.00,313343.33,1731.27,315074.60
87,583985.00,3349435.00,390.913,1042.25,0.061,Cultivated cropland,480.00,318143.33,1731.27,319874.60
88,583995.00,3349435.00,390.919,1052.25,0.549,Cultivated cropland,480.00,322943.33,1731.27,324674.60
89,584005.00,3349435.00,390.974,1062.25,1.128,Cultivated cropland,480.00,327743.33,1731.27,329474.60
90,584015.00,3349435.00,391.087,1072.25,1.707,Cultivated cropland,480.00,332543.33,1731.27,334274.60
91,584025.00,3349435.00,391.257,1082.25,2.316,Cultivated cropland,480.00,337343.33,1731.27,339074.60
92,584035.00,3349435.00,391.489,1092.25,2.804,Cultivated cropland,480.00,342143.33,1731.27,343874.60
93,584045.00,3349435.00,391.769,1102.25,3.200,Cultivated cropland,480.00,346943.33,1731.27,348674.60
94,584055.00,3349435.00,392.089,1112.25,3.383,Cultivated cropland,480.00,351791.43,1731.27,353522.70
95,584065.00,3349435.00,392.428,1122.25,3.475,Cultivated cropland,480.00,356683.42,1731.27,358414.69
96,584075.00,3349435.00,392.775,1132.25,3.322,Cultivated cropland,480.00,361597.35,1731.27,363328.62
97,584085.00,3349435.00,393.107,1142.25,3.078,Cultivated cropland,480.00,366474.71,1731.27,368205.98
98,584095.00,3349435.00,393.415,1152.25,2.774,Cultivated cropland,480.00,371293.55,1731.27,373024.82
99,584105.00,3349435.00,393.693,1162.25,2.377,Cultivated cropland,480.00,376093.55,1731.27,377824.82
100,584115.00,3349435.00,393.930,1172.25,2.073,Cultivated cropland,480.00,380893.55,1731.27,382624.82
101,584125.00,3349435.00,394.138,1182.25,1.798,Cultivated cropland,480.00,385693.55,1731.27,387424.82
102,584135.00,3349435.00,394.318,1192.25,1.646,Cultivated cropland,480.00,390493.55,1731.27,392224.82
103,584145.00,3349435.00,394.482,1202.25,1.615,Grassland / pasture,420.00,394993.55,1731.27,396724.82
104,584155.00,3349435.00,394.644,1212.25,1.768,Grassland / pasture,420.00,399193.55,1731.27,400924.82
105,584165.00,3349435.00,394.820,1222.25,2.012,Grassland / pasture,420.00,403393.55,1731.27,405124.82
106,584175.00,3349435.00,395.022,1232.25,2.408,Grassland / pasture,420.00,407593.55,1731.27,409324.82
107,584185.00,3349435.00,395.262,1242.25,2.682,Grassland / pasture,420.00,411793.55,1731.27,413524.82
108,584195.00,3349435.00,395.531,1252.25,3.078,Grassland / pasture,420.00,415993.55,1731.27,417724.82
109,584205.00,3349435.00,395.838,1262.25,3.322,Grassland / pasture,420.00,420210.03,1731.27,421941.30
110,584215.00,3349435.00,396.171,1272.25,3.475,Grassland / pasture,420.00,424477.72,1731.27,426208.99
111,584225.00,3349435.00,396.518,1282.25,3.414,Grassland / pasture,420.00,428777.41,1731.27,430508.68
112,584235.00,3349435.00,396.860,1292.25,3.170,Grassland / pasture,420.00,433064.30,1731.27,434795.57
113,584245.00,3349435.00,397.177,1302.25,2.713,Grassland / pasture,420.00,437299.99,1731.27,439031.26
114,584255.00,3349435.00,397.448,1312.25,2.164,Grassland / pasture,420.00,441499.99,1731.27,443231.26
115,584265.00,3349435.00,397.664,1322.25,1.433,Grassland / pasture,420.00,445699.99,1731.27,447431.26
116,584275.00,3349435.00,397.807,1332.25,0.640,Grassland / pasture,420.00,449899.99,1731.27,451631.26
117,584285.00,3349435.00,397.871,1342.25,-0.183,Grassland / pasture,420.00,454099.99,1731.27,455831.26
118,584295.00,3349435.00,397.853,1352.25,-0.914,Grassland / pasture,420.00,458299.99,1731.27,460031.26
119,584305.00,3349435.00,397.762,1362.25,-1.615,Grassland / pasture,420.00,462499.99,1731.27,464231.26
120,584315.00,3349435.00,397.600,1372.25,-2.134,Grassland / pasture,420.00,466699.99,3023.62,469723.61
121,584325.00,3349435.00,397.387,1382.25,-2.530,Grassland / pasture,420.00,470899.99,4730.51,475630.49
122,584335.00,3349435.00,397.134,1392.25,-2.835,Grassland / pasture,420.00,475099.99,6754.38,481854.37
123,584345.00,3349435.00,396.850,1402.25,-2.957,Grassland / pasture,420.00,479299.99,9022.10,488322.09
124,584355.00,3349435.00,396.555,1412.25,-3.078,Grassland / pasture,420.00,483499.99,11387.35,494887.34
125,584365.00,3349435.00,396.247,1422.25,-3.139,Grassland / pasture,420.00,487716.47,13850.14,501566.61
126,584375.00,3349435.00,395.933,1432.25,-3.231,Grassland / pasture,420.00,491945.75,16361.70,508307.45
127,584385.00,3349435.00,395.610,1442.25,-3.414,Grassland / pasture,420.00,496194.24,18946.41,515140.65
128,584395.00,3349435.00,395.268,1452.25,-3.749,Grassland / pasture,420.00,500481.13,21677.42,522158.55
129,584405.00,3349435.00,394.894,1462.25,-4.145,Woodland,940.00,507535.81,24676.66,532212.47
130,584415.00,3349435.00,394.479,1472.25,-4.694,Woodland,940.00,517474.09,27992.89,545466.98
131,584425.00,3349435.00,394.010,1482.25,-5.334,Woodland,940.00,527670.24,31748.03,559418.27
132,584435.00,3349435.00,393.476,1492.25,-3.017,Woodland,940.00,538167.23,36015.24,574182.47
133,584445.00,3349445.00,393.050,1506.40,-3.599,Woodland,940.00,551472.38,39429.01,590901.39
134,584455.00,3349455.00,392.541,1520.54,-4.117,Woodland,940.00,565164.33,43501.14,608665.47
135,584465.00,3349465.00,391.958,1534.68,-4.612,Woodland,940.00,579200.09,48158.50,627358.58
136,584475.00,3349475.00,391.306,1548.82,-5.065,Woodland,940.00,593565.34,53376.68,646942.02
137,584485.00,3349485.00,390.590,1562.96,-5.388,Woodland,940.00,608231.43,59106.93,667338.36
138,584495.00,3349495.00,389.828,1577.11,-5.604,Woodland,940.00,623112.40,65202.95,688315.35
139,584505.00,3349505.00,389.035,1591.25,-5.733,Woodland,940.00,638136.63,71542.80,709679.43
140,584515.00,3349515.00,388.225,1605.39,-5.668,Woodland,940.00,653246.81,78028.96,731275.77
141,584525.00,3349525.00,387.423,1619.53,-5.496,Woodland,940.00,668314.02,84441.96,752755.98
142,584535.00,3349535.00,386.646,1633.68,-5.108,Woodland,940.00,683266.62,90659.89,773926.52
143,584545.00,3349545.00,385.923,1647.82,-4.634,Woodland,940.00,697961.36,96438.91,794400.28
144,584555.00,3349555.00,385.268,1661.96,-5.090,Woodland,940.00,712340.94,101681.48,814022.42
145,584565.00,3349555.00,384.759,1671.96,-3.658,Woodland,940.00,722723.32,105753.62,828476.94
146,584575.00,3349555.00,384.393,1681.96,-2.164,Woodland,940.00,732432.39,108679.71,841112.10
147,584585.00,3349555.00,384.177,1691.96,-0.610,Woodland,940.00,741832.39,110410.97,852243.37
148,584595.00,3349555.00,384.116,1701.96,0.975,Woodland,940.00,751232.39,110410.97,861643.37
149,584605.00,3349555.00,384.213,1711.96,2.347,Watercourse,3800.00,774932.39,110410.97,885343.37
150,584615.00,3349555.00,384.448,1721.96,3.688,Watercourse,3800.00,812932.39,110410.97,923343.37
151,584625.00,3349555.00,384.817,1731.96,4.785,Woodland,940.00,837447.78,110410.97,947858.75
152,584635.00,3349555.00,385.295,1741.96,5.730,Woodland,940.00,847686.90,110410.97,958097.88
153,584645.00,3349555.00,385.868,1751.96,6.523,Woodland,940.00,858370.12,110410.97,968781.09
154,584655.00,3349555.00,386.521,1761.96,7.163,Woodland,940.00,869769.76,110410.97,980180.74
155,584665.00,3349555.00,387.237,1771.96,7.650,Woodland,940.00,881891.42,110410.97,992302.39
156,584675.00,3349555.00,388.002,1781.96,8.199,Woodland,940.00,894563.18,110410.97,1004974.15
157,584685.00,3349555.00,388.822,1791.96,8.565,Woodland,940.00,907853.80,110410.97,1018264.78
158,584695.00,3349555.00,389.678,1801.96,6.466,Woodland,940.00,921557.01,110410.97,1031967.98
159,584705.00,3349565.00,390.593,1816.10,6.897,Woodland,940.00,937587.71,110410.97,1047998.68
160,584715.00,3349575.00,391.568,1830.24,7.328,Woodland,940.00,954306.04,110410.97,1064717.02
161,584725.00,3349585.00,392.605,1844.39,7.694,Woodland,940.00,971712.01,110410.97,1082122.98
162,584735.00,3349595.00,393.693,1858.53,7.996,Woodland,940.00,989702.46,110410.97,1100113.43
163,584745.00,3349605.00,394.823,1872.67,8.233,Woodland,940.00,1008174.25,110410.97,1118585.22
164,584755.00,3349615.00,395.988,1886.81,8.427,Woodland,940.00,1027024.24,110410.97,1137435.21
165,584765.00,3349625.00,397.180,1900.95,0.640,Woodland,940.00,1046183.66,110410.97,1156594.63
166,584765.00,3349635.00,397.244,1910.95,0.853,Woodland,940.00,1055583.66,110410.97,1165994.63
167,584765.00,3349645.00,397.329,1920.95,1.067,Woodland,940.00,1064983.66,110410.97,1175394.63
168,584765.00,3349655.00,397.436,1930.95,1.311,Woodland,940.00,1074383.66,110410.97,1184794.63
169,584765.00,3349665.00,397.567,1940.95,1.524,Woodland,940.00,1083783.66,110410.97,1194194.63
170,584765.00,3349675.00,397.719,1950.95,1.768,Woodland,940.00,1093183.66,110410.97,1203594.63
171,584765.00,3349685.00,397.896,1960.95,2.012,Woodland,940.00,1102583.66,110410.97,1212994.63
172,584765.00,3349695.00,398.097,1970.95,2.225,Woodland,940.00,1111983.66,110410.97,1222394.63
173,584765.00,3349705.00,398.320,1980.95,2.408,Woodland,940.00,1121383.66,110410.97,1231794.63
174,584765.00,3349715.00,398.560,1990.95,2.652,Woodland,940.00,1130783.66,110410.97,1241194.63
175,584765.00,3349725.00,398.826,2000.95,2.835,Woodland,940.00,1140183.66,110410.97,1250594.63
176,584765.00,3349735.00,399.109,2010.95,2.987,Woodland,940.00,1149583.66,110410.97,1259994.63
177,584765.00,3349745.00,399.408,2020.95,3.170,Woodland,940.00,1158983.66,110410.97,1269394.63
178,584765.00,3349755.00,399.725,2030.95,3.261,Woodland,940.00,1168463.52,110410.97,1278874.50
179,584765.00,3349765.00,400.051,2040.95,8.880,Woodland,940.00,1177986.37,110410.97,1288397.34
180,584775.00,3349775.00,401.307,2055.10,8.406,Woodland,940.00,1197867.80,110410.97,1308278.77
181,584785.00,3349785.00,402.495,2069.24,7.910,Grassland / pasture,420.00,1211702.93,110410.97,1322113.91
182,584795.00,3349795.00,403.614,2083.38,3.109,Grassland / pasture,420.00,1219894.84,110410.97,1330305.81
183,584795.00,3349805.00,403.925,2093.38,3.139,Grassland / pasture,420.00,1224117.72,110410.97,1334528.69
184,584795.00,3349815.00,404.239,2103.38,3.139,Grassland / pasture,420.00,1228347.01,110410.97,1338757.98
185,584795.00,3349825.00,404.553,2113.38,3.139,Grassland / pasture,420.00,1232576.29,110410.97,1342987.26
186,584795.00,3349835.00,404.867,2123.38,3.109,Grassland / pasture,420.00,1236805.57,110410.97,1347216.55
187,584795.00,3349845.00,405.178,2133.38,3.048,Grassland / pasture,420.00,1241028.46,110410.97,1351439.43
188,584795.00,3349855.00,405.482,2143.38,2.957,Grassland / pasture,420.00,1245238.54,110410.97,1355649.51
189,584795.00,3349865.00,405.778,2153.38,2.865,Grassland / pasture,420.00,1249438.54,110410.97,1359849.51
190,584795.00,3349875.00,406.065,2163.38,2.743,Grassland / pasture,420.00,1253638.54,110410.97,1364049.51
191,584795.00,3349885.00,406.339,2173.38,2.591,Grassland / pasture,420.00,1257838.54,110410.97,1368249.51
192,584795.00,3349895.00,406.598,2183.38,2.469,Grassland / pasture,420.00,1262038.54,110410.97,1372449.51
193,584795.00,3349905.00,406.845,2193.38,2.286,Grassland / pasture,420.00,1266238.54,110410.97,1376649.51
194,584795.00,3349915.00,407.073,2203.38,2.073,Grassland / pasture,420.00,1270438.54,110410.97,1380849.51
195,584795.00,3349925.00,407.281,2213.38,1.920,Grassland / pasture,420.00,1274638.54,110410.97,1385049.51
196,584795.00,3349935.00,407.473,2223.38,1.707,Grassland / pasture,420.00,1278838.54,110410.97,1389249.51
197,584795.00,3349945.00,407.643,2233.38,1.524,Grassland / pasture,420.00,1283038.54,110410.97,1393449.51
198,584795.00,3349955.00,407.796,2243.38,1.341,Grassland / pasture,420.00,1287238.54,110410.97,1397649.51
199,584795.00,3349965.00,407.930,2253.38,1.128,Grassland / pasture,420.00,1291438.54,110410.97,1401849.51
200,584795.00,3349975.00,408.043,2263.38,0.945,Grassland / pasture,420.00,1295638.54,110410.97,1406049.51
201,584795.00,3349985.00,408.137,2273.38,0.762,Grassland / pasture,420.00,1299838.54,110410.97,1410249.51
202,584795.00,3349995.00,408.213,2283.38,3.556,Grassland / pasture,420.00,1304038.54,110410.97,1414449.51
203,584805.00,3350005.00,408.716,2297.52,2.910,Grassland / pasture,420.00,1310143.41,110410.97,1420554.39
204,584815.00,3350015.00,409.128,2311.67,2.371,Grassland / pasture,420.00,1316083.11,110410.97,1426494.08
205,584825.00,3350025.00,409.463,2325.81,1.875,Grassland / pasture,420.00,1322022.81,110410.97,1432433.78
206,584835.00,3350035.00,409.728,2339.95,1.530,Grassland / pasture,420.00,1327962.50,110410.97,1438373.48
207,584845.00,3350045.00,409.945,2354.09,1.293,Grassland / pasture,420.00,1333902.20,110410.97,1444313.17
208,584855.00,3350055.00,410.128,2368.23,1.142,Grassland / pasture,420.00,1339841.90,110410.97,1450252.87
209,584865.00,3350065.00,410.289,2382.38,1.099,Grassland / pasture,420.00,1345781.60,110410.97,1456192.57
210,584875.00,3350075.00,410.445,2396.52,1.185,Grassland / pasture,420.00,1351721.29,110410.97,1462132.27
211,584885.00,3350085.00,410.612,2410.66,1.336,Grassland / pasture,420.00,1357660.99,110410.97,1468071.96
212,584895.00,3350095.00,410.801,2424.80,1.552,Grassland / pasture,420.00,1363600.69,110410.97,1474011.66
213,584905.00,3350105.00,411.021,2438.94,1.875,Grassland / pasture,420.00,1369540.38,110410.97,1479951.36
214,584915.00,3350115.00,411.286,2453.09,2.198,Grassland / pasture,420.00,1375480.08,110410.97,1485891.05
215,584925.00,3350125.00,411.597,2467.23,2.543,Grassland / pasture,420.00,1381419.78,110410.97,1491830.75
216,584935.00,3350135.00,411.956,2481.37,2.931,Grassland / pasture,420.00,1387359.47,110410.97,1497770.45
217,584945.00,3350145.00,412.371,2495.51,3.254,Grassland / pasture,420.00,1393299.17,110410.97,1503710.14
218,584955.00,3350155.00,412.831,2509.66,3.556,Grassland / pasture,420.00,1399314.44,110410.97,1509725.41
219,584965.00,3350165.00,413.334,2523.80,2.347,Grassland / pasture,420.00,1405419.31,110410.97,1515830.29
220,584965.00,3350175.00,413.569,2533.80,2.560,Grassland / pasture,420.00,1409619.31,110410.97,1520030.29
221,584965.00,3350185.00,413.825,2543.80,2.743,Grassland / pasture,420.00,1413819.31,110410.97,1524230.29
222,584965.00,3350195.00,414.099,2553.80,2.896,Grassland / pasture,420.00,1418019.31,110410.97,1528430.29
223,584965.00,3350205.00,414.389,2563.80,3.078,Grassland / pasture,420.00,1422219.31,110410.97,1532630.29
224,584965.00,3350215.00,414.696,2573.80,3.170,Grassland / pasture,420.00,1426435.80,110410.97,1536846.77
225,584965.00,3350225.00,415.013,2583.80,3.261,Grassland / pasture,420.00,1430671.48,110410.97,1541082.45
226,584965.00,3350235.00,415.340,2593.80,3.383,Grassland / pasture,420.00,1434926.37,110410.97,1545337.34
227,584965.00,3350245.00,415.678,2603.80,3.427,Grassland / pasture,420.00,1439206.86,110410.97,1549617.83
228,584975.00,3350255.00,416.163,2617.94,3.362,Grassland / pasture,420.00,1445273.33,110410.97,1555684.30
229,584985.00,3350265.00,416.638,2632.08,3.233,Grassland / pasture,420.00,1451320.60,110410.97,1561731.57
230,584995.00,3350275.00,417.095,2646.22,3.060,Grassland / pasture,420.00,1457329.46,110410.97,1567740.43
231,585005.00,3350285.00,417.528,2660.37,2.823,Grassland / pasture,420.00,1463287.12,110410.97,1573698.09
232,585015.00,3350295.00,417.927,2674.51,2.543,Grassland / pasture,420.00,1469226.82,110410.97,1579637.79
233,585025.00,3350305.00,418.287,2688.65,2.263,Grassland / pasture,420.00,1475166.51,110410.97,1585577.49
234,585035.00,3350315.00,418.607,2702.79,1.897,Grassland / pasture,420.00,1481106.21,110410.97,1591517.18
235,585045.00,3350325.00,418.875,2716.93,1.530,Grassland / pasture,420.00,1487045.91,110410.97,1597456.88
236,585055.00,3350335.00,419.092,2731.08,1.164,Grassland / pasture,420.00,1492985.60,110410.97,1603396.58
237,585065.00,3350345.00,419.256,2745.22,0.797,Grassland / pasture,420.00,1498925.30,110410.97,1609336.27
238,585075.00,3350355.00,419.369,2759.36,0.366,Grassland / pasture,420.00,1504865.00,110410.97,1615275.97
239,585085.00,3350365.00,419.421,2773.50,0.065,Grassland / pasture,420.00,1510804.70,110410.97,1621215.67
240,585095.00,3350375.00,419.430,2787.65,-0.280,Grassland / pasture,420.00,1516744.39,110410.97,1627155.37
241,585105.00,3350385.00,419.390,2801.79,-0.539,Grassland / pasture,420.00,1522684.09,110410.97,1633095.06
242,585115.00,3350395.00,419.314,2815.93,-0.733,Grassland / pasture,420.00,1528623.79,110410.97,1639034.76
243,585125.00,3350405.00,419.211,2830.07,-0.884,Grassland / pasture,420.00,1534563.48,110410.97,1644974.46
244,585135.00,3350415.00,419.086,2844.21,-0.905,Grassland / pasture,420.00,1540503.18,110410.97,1650914.15
245,585145.00,3350425.00,418.958,2858.36,-0.905,Grassland / pasture,420.00,1546442.88,110410.97,1656853.85
246,585155.00,3350435.00,418.830,2872.50,-0.819,Grassland / pasture,420.00,1552382.57,110410.97,1662793.55
247,585165.00,3350445.00,418.714,2886.64,-0.625,Grassland / pasture,420.00,1558322.27,110410.97,1668733.24
248,585175.00,3350455.00,418.625,2900.78,-0.323,Grassland / pasture,420.00,1564261.97,110410.97,1674672.94
249,585185.00,3350465.00,418.580,2914.92,0.000,Grassland / pasture,420.00,1570201.67,110410.97,1680612.64
250,585195.00,3350475.00,418.580,2929.07,0.410,Grassland / pasture,420.00,1576141.36,110410.97,1686552.33
251,585205.00,3350485.00,418.638,2943.21,0.862,Grassland / pasture,420.00,1582081.06,110410.97,1692492.03
252,585215.00,3350495.00,418.759,2957.35,1.358,Grassland / pasture,420.00,1588020.76,110410.97,1698431.73
253,585225.00,3350505.00,418.951,2971.49,1.854,Grassland / pasture,420.00,1593960.45,110410.97,1704371.43
254,585235.00,3350515.00,419.214,2985.63,2.349,Grassland / pasture,420.00,1599900.15,110410.97,1710311.12
255,585245.00,3350525.00,419.546,2999.78,2.802,Grassland / pasture,420.00,1605839.85,110410.97,1716250.82
256,585255.00,3350535.00,419.942,3013.92,3.254,Grassland / pasture,420.00,1611779.54,110410.97,1722190.52
257,585265.00,3350545.00,420.402,3028.06,3.642,Grassland / pasture,420.00,1617794.81,110410.97,1728205.78
258,585275.00,3350555.00,420.917,3042.20,3.923,Grassland / pasture,420.00,1623925.29,110410.97,1734336.26
259,585285.00,3350565.00,421.472,3056.35,4.160,Grassland / pasture,420.00,1630138.98,110410.97,1740549.95
260,585295.00,3350575.00,422.060,3070.49,4.267,Grassland / pasture,420.00,1636423.08,110410.97,1746834.05
261,585305.00,3350585.00,422.664,3084.63,4.311,Grassland / pasture,420.00,1642739.18,110410.97,1753150.15
262,585315.00,3350595.00,423.274,3098.77,4.224,Grassland / pasture,420.00,1649068.09,110410.97,1759479.06
263,585325.00,3350605.00,423.871,3112.91,4.052,Grassland / pasture,420.00,1655371.39,110410.97,1765782.36
264,585335.00,3350615.00,424.444,3127.06,3.815,Grassland / pasture,420.00,1661623.48,110410.97,1772034.46
265,585345.00,3350625.00,424.983,3141.20,3.448,Grassland / pasture,420.00,1667805.17,110410.97,1778216.14
266,585355.00,3350635.00,425.471,3155.34,3.060,Grassland / pasture,420.00,1673878.04,110410.97,1784289.02
267,585365.00,3350645.00,425.904,3169.48,2.586,Grassland / pasture,420.00,1679835.70,110410.97,1790246.67
268,585375.00,3350655.00,426.270,3183.62,2.112,Grassland / pasture,420.00,1685775.40,110410.97,1796186.37
269,585385.00,3350665.00,426.568,3197.77,1.595,Grassland / pasture,420.00,1691715.09,110410.97,1802126.07
270,585395.00,3350675.00,426.794,3211.91,1.121,Grassland / pasture,420.00,1697654.79,110410.97,1808065.76
271,585405.00,3350685.00,426.953,3226.05,0.625,Grassland / pasture,420.00,1703594.49,110410.97,1814005.46
272,585415.00,3350695.00,427.041,3240.19,0.194,Grassland / pasture,420.00,1709534.19,110410.97,1819945.16
273,585425.00,3350705.00,427.068,3254.34,-0.172,Grassland / pasture,420.00,1715473.88,110410.97,1825884.85
274,585435.00,3350715.00,427.044,3268.48,-0.453,Grassland / pasture,420.00,1721413.58,110410.97,1831824.55
275,585445.00,3350725.00,426.980,3282.62,-0.690,Grassland / pasture,420.00,1727353.28,110410.97,1837764.25
276,585455.00,3350735.00,426.882,3296.76,-0.797,Grassland / pasture,420.00,1733292.97,110410.97,1843703.95
277,585465.00,3350745.00,426.770,3310.90,-0.841,Grassland / pasture,420.00,1739232.67,110410.97,1849643.64
278,585475.00,3350755.00,426.651,3325.05,-0.776,Grassland / pasture,420.00,1745172.37,110410.97,1855583.34
279,585485.00,3350765.00,426.541,3339.19,-0.647,Grassland / pasture,420.00,1751112.06,110410.97,1861523.04
280,585495.00,3350775.00,426.450,3353.33,-0.410,Grassland / pasture,420.00,1757051.76,110410.97,1867462.73
281,585505.00,3350785.00,426.392,3367.47,-0.108,Grassland / pasture,420.00,1762991.46,110410.97,1873402.43
282,585515.00,3350795.00,426.376,3381.61,0.216,Grassland / pasture,420.00,1768931.15,110410.97,1879342.13
283,585525.00,3350805.00,426.407,3395.76,0.603,Grassland / pasture,420.00,1774870.85,110410.97,1885281.82
284,585535.00,3350815.00,426.492,3409.90,1.035,Grassland / pasture,420.00,1780810.55,110410.97,1891221.52
285,585545.00,3350825.00,426.639,3424.04,1.444,Grassland / pasture,420.00,1786750.25,110410.97,1897161.22
286,585555.00,3350835.00,426.843,3438.18,1.854,Grassland / pasture,420.00,1792689.94,110410.97,1903100.92
287,585565.00,3350845.00,427.105,3452.33,2.241,Grassland / pasture,420.00,1798629.64,110410.97,1909040.61
288,585575.00,3350855.00,427.422,3466.47,2.608,Grassland / pasture,420.00,1804569.34,110410.97,1914980.31
289,585585.00,3350865.00,427.791,3480.61,2.910,Grassland / pasture,420.00,1810509.03,110410.97,1920920.01
290,585595.00,3350875.00,428.202,3494.75,3.190,Grassland / pasture,420.00,1816448.73,110410.97,1926859.70
291,585605.00,3350885.00,428.653,3508.89,3.362,Grassland / pasture,420.00,1822444.79,110410.97,1932855.77
292,585615.00,3350895.00,429.129,3523.04,3.535,Grassland / pasture,420.00,1828492.06,110410.97,1938903.04
293,585625.00,3350905.00,429.629,3537.18,3.556,Grassland / pasture,420.00,1834590.54,110410.97,1945001.51
294,585635.00,3350915.00,430.132,3551.32,3.578,Grassland / pasture,420.00,1840695.41,110410.97,1951106.39
295,585645.00,3350925.00,430.638,3565.46,3.535,Grassland / pasture,420.00,1846806.69,110410.97,1957217.66
296,585655.00,3350935.00,431.137,3579.60,3.492,Grassland / pasture,420.00,1852905.17,110410.97,1963316.14
297,585665.00,3350945.00,431.631,3593.75,1.981,Grassland / pasture,420.00,1858990.84,110410.97,1969401.81
298,585665.00,3350955.00,431.829,3603.75,2.012,Grassland / pasture,420.00,1863190.84,110410.97,1973601.81
299,585665.00,3350965.00,432.030,3613.75,2.073,Grassland / pasture,420.00,1867390.84,110410.97,1977801.81
300,585665.00,3350975.00,432.238,3623.75,2.103,Grassland / pasture,420.00,1871590.84,110410.97,1982001.81
301,585665.00,3350985.00,432.448,3633.75,2.073,Grassland / pasture,420.00,1875790.84,110410.97,1986201.81
302,585665.00,3350995.00,432.655,3643.75,2.103,Grassland / pasture,420.00,1879990.84,110410.97,1990401.81
303,585665.00,3351005.00,432.866,3653.75,1.981,Grassland / pasture,420.00,1884190.84,110410.97,1994601.81
304,585665.00,3351015.00,433.064,3663.75,1.951,Grassland / pasture,420.00,1888390.84,110410.97,1998801.81
305,585665.00,3351025.00,433.259,3673.75,1.859,Grassland / pasture,420.00,1892590.84,110410.97,2003001.81
306,585665.00,3351035.00,433.445,3683.75,1.768,Grassland / pasture,420.00,1896790.84,110410.97,2007201.81
307,585665.00,3351045.00,433.622,3693.75,5.711,Grassland / pasture,420.00,1900990.84,110410.97,2011401.81
308,585675.00,3351055.00,434.429,3707.89,1.767,Grassland / pasture,420.00,1907735.80,110410.97,2018146.77
309,585685.00,3351065.00,434.679,3722.03,1.466,Grassland / pasture,420.00,1913675.50,110410.97,2024086.47
310,585695.00,3351075.00,434.886,3736.17,3.018,Grassland / pasture,420.00,1919615.19,110410.97,2030026.17
311,585705.00,3351075.00,435.188,3746.17,3.078,Grassland / pasture,420.00,1923818.87,110410.97,2034229.85
312,585715.00,3351075.00,435.496,3756.17,3.231,Grassland / pasture,420.00,1928035.36,110410.97,2038446.33
313,585725.00,3351075.00,435.819,3766.17,3.536,Grassland / pasture,420.00,1932283.84,110410.97,2042694.82
314,585735.00,3351075.00,436.173,3776.17,3.962,Grassland / pasture,420.00,1936596.34,110410.97,2047007.31
315,585745.00,3351075.00,436.569,3786.17,4.572,Grassland / pasture,420.00,1940998.44,110410.97,2051409.42
316,585755.00,3351075.00,437.026,3796.17,5.304,Grassland / pasture,420.00,1945528.56,110410.97,2055939.54
317,585765.00,3351075.00,437.557,3806.17,6.157,Grassland / pasture,420.00,1950212.31,110410.97,2060623.28
318,585775.00,3351075.00,438.172,3816.17,4.397,Grassland / pasture,420.00,1955121.42,110410.97,2065532.39
319,585785.00,3351085.00,438.794,3830.32,4.569,Grassland / pasture,420.00,1961475.93,110410.97,2071886.90
320,585795.00,3351095.00,439.440,3844.46,4.763,Grassland / pasture,420.00,1967881.64,110410.97,2078292.62
321,585805.00,3351105.00,440.114,3858.60,4.979,Grassland / pasture,420.00,1974344.96,110410.97,2084755.94
322,585815.00,3351115.00,440.818,3872.74,5.237,Grassland / pasture,420.00,1980872.29,110410.97,2091283.27
323,585825.00,3351125.00,441.559,3886.88,5.496,Grassland / pasture,420.00,1987476.43,110410.97,2097887.41
324,585835.00,3351135.00,442.336,3901.03,5.776,Grassland / pasture,420.00,1994157.38,110410.97,2104568.36
325,585845.00,3351145.00,443.153,3915.17,6.078,Grassland / pasture,420.00,2000921.54,110410.97,2111332.52
326,585855.00,3351155.00,444.012,3929.31,6.380,Grassland / pasture,420.00,2007807.68,110410.97,2118218.66
327,585865.00,3351165.00,444.914,3943.45,6.681,Grassland / pasture,420.00,2014908.89,110410.97,2125319.86
328,585875.00,3351175.00,445.859,3957.59,6.962,Grassland / pasture,420.00,2022225.17,110410.97,2132636.14
329,585885.00,3351185.00,446.844,3971.74,7.285,Grassland / pasture,420.00,2029741.15,110410.97,2140152.12
330,585895.00,3351195.00,447.874,3985.88,7.565,Grassland / pasture,420.00,2037487.55,110410.97,2147898.53
331,585905.00,3351205.00,448.944,4000.02,7.845,Grassland / pasture,420.00,2045433.67,110410.97,2155844.64
332,585915.00,3351215.00,450.053,4014.16,8.125,Grassland / pasture,420.00,2053579.49,110410.97,2163990.46
333,585925.00,3351225.00,451.202,4028.31,8.406,Grassland / pasture,420.00,2061925.01,110410.97,2172335.99
334,585935.00,3351235.00,452.391,4042.45,8.643,Grassland / pasture,420.00,2070470.24,110410.97,2180881.22
335,585945.00,3351245.00,453.613,4056.59,8.901,Grassland / pasture,420.00,2079184.46,110410.97,2189595.43
336,585955.00,3351255.00,454.872,4070.73,0.579,Grassland / pasture,420.00,2088083.01,110410.97,2198493.98
337,585955.00,3351265.00,454.930,4080.73,0.732,Grassland / pasture,420.00,2092283.01,110410.97,2202693.98
338,585955.00,3351275.00,455.003,4090.73,0.884,Grassland / pasture,420.00,2096483.01,110410.97,2206893.98
339,585955.00,3351285.00,455.092,4100.73,1.036,Grassland / pasture,420.00,2100683.01,110410.97,2211093.98
340,585955.00,3351295.00,455.195,4110.73,1.158,Grassland / pasture,420.00,2104883.01,110410.97,2215293.98
341,585955.00,3351305.00,455.311,4120.73,1.280,Grassland / pasture,420.00,2109083.01,110410.97,2219493.98
342,585955.00,3351315.00,455.439,4130.73,1.402,Grassland / pasture,420.00,2113283.01,110410.97,2223693.98
343,585955.00,3351325.00,455.579,4140.73,1.524,Grassland / pasture,420.00,2117483.01,110410.97,2227893.98
344,585955.00,3351335.00,455.732,4150.73,1.554,Grassland / pasture,420.00,2121683.01,110410.97,2232093.98
345,585955.00,3351345.00,455.887,4160.73,1.646,Grassland / pasture,420.00,2125883.01,110410.97,2236293.98
346,585955.00,3351355.00,456.052,4170.73,1.707,Grassland / pasture,420.00,2130083.01,110410.97,2240493.98
347,585955.00,3351365.00,456.223,4180.73,1.737,Grassland / pasture,420.00,2134283.01,110410.97,2244693.98
348,585955.00,3351375.00,456.396,4190.73,1.737,Grassland / pasture,420.00,2138483.01,110410.97,2248893.98
349,585955.00,3351385.00,456.570,4200.73,1.707,Grassland / pasture,420.00,2142683.01,110410.97,2253093.98
350,585955.00,3351395.00,456.741,4210.73,1.707,Grassland / pasture,420.00,2146883.01,110410.97,2257293.98
351,585955.00,3351405.00,456.911,4220.73,1.676,Grassland / pasture,420.00,2151083.01,110410.97,2261493.98
352,585955.00,3351415.00,457.079,4230.73,1.585,Grassland / pasture,420.00,2155283.01,110410.97,2265693.98
353,585955.00,3351425.00,457.237,4240.73,1.524,Grassland / pasture,1300.00,2163883.01,110410.97,2274293.98
354,585955.00,3351435.00,457.390,4250.73,9.979,Grassland / pasture,1300.00,2176883.01,110410.97,2287293.98
355,585965.00,3351445.00,458.801,4264.87,9.505,Grassland / pasture,1300.00,2206803.60,110410.97,2317214.58
356,585975.00,3351455.00,460.145,4279.02,9.052,Grassland / pasture,1300.00,2235678.12,110410.97,2346089.09
357,585985.00,3351465.00,461.425,4293.16,8.513,Grassland / pasture,1300.00,2263554.11,110410.97,2373965.08
358,585995.00,3351475.00,462.629,4307.30,7.953,Grassland / pasture,1300.00,2290241.38,110410.97,2400652.35
359,586005.00,3351485.00,463.754,4321.44,7.393,Grassland / pasture,1300.00,2315692.37,110410.97,2426103.35
360,586015.00,3351495.00,464.800,4335.58,9.997,Grassland / pasture,1300.00,2339907.10,110410.97,2450318.07
361,586025.00,3351495.00,465.799,4345.58,9.632,Grassland / pasture,1300.00,2361093.14,110410.97,2471504.11
362,586035.00,3351495.00,466.763,4355.58,9.388,Grassland / pasture,1300.00,2381708.59,110410.97,2492119.56
363,586045.00,3351495.00,467.701,4365.58,9.327,Grassland / pasture,1300.00,2401943.65,110410.97,2512354.62
364,586055.00,3351495.00,468.634,4375.58,7.242,Grassland / pasture,1300.00,2422083.61,110410.97,2532494.58
365,586065.00,3351485.00,469.658,4389.73,7.737,Grassland / pasture,1300.00,2445965.49,110410.97,2556376.46
366,586075.00,3351475.00,470.752,4403.87,8.319,Grassland / pasture,1300.00,2470941.00,110410.97,2581351.97
367,586085.00,3351465.00,471.929,4418.01,8.966,Grassland / pasture,1300.00,2497200.33,110410.97,2607611.30
368,586095.00,3351455.00,473.197,4432.15,1.341,Grassland / pasture,1300.00,2524886.12,110410.97,2635297.09
369,586095.00,3351445.00,473.331,4442.15,1.250,Grassland / pasture,1300.00,2537886.12,110410.97,2648297.09
370,586095.00,3351435.00,473.456,4452.15,1.128,Grassland / pasture,1300.00,2550886.12,110410.97,2661297.09
371,586095.00,3351425.00,473.569,4462.15,1.036,Grassland / pasture,1300.00,2563886.12,110410.97,2674297.09
372,586095.00,3351415.00,473.672,4472.15,0.823,Grassland / pasture,1300.00,2576886.12,110410.97,2687297.09
373,586095.00,3351405.00,473.755,4482.15,0.762,Grassland / pasture,1300.00,2589886.12,110410.97,2700297.09
374,586095.00,3351395.00,473.831,4492.15,0.640,Grassland / pasture,1300.00,2602886.12,110410.97,2713297.09
375,586095.00,3351385.00,473.895,4502.15,0.518,Grassland / pasture,1300.00,2615886.12,110410.97,2726297.09
376,586095.00,3351375.00,473.947,4512.15,0.396,Grassland / pasture,1300.00,2628886.12,110410.97,2739297.09
377,586095.00,3351365.00,473.986,4522.15,0.274,Grassland / pasture,1300.00,2641886.12,110410.97,2752297.09
378,586095.00,3351355.00,474.014,4532.15,0.152,Grassland / pasture,1300.00,2654886.12,110410.97,2765297.09
379,586095.00,3351345.00,474.029,4542.15,0.061,Grassland / pasture,1300.00,2667886.12,110410.97,2778297.09
380,586095.00,3351335.00,474.035,4552.15,-0.030,Grassland / pasture,1300.00,2680886.12,110410.97,2791297.09
381,586095.00,3351325.00,474.032,4562.15,-0.152,Grassland / pasture,1300.00,2693886.12,110410.97,2804297.09
382,586095.00,3351315.00,474.017,4572.15,-0.213,Grassland / pasture,1300.00,2706886.12,110410.97,2817297.09
383,586095.00,3351305.00,473.995,4582.15,-0.274,Grassland / pasture,1300.00,2719886.12,110410.97,2830297.09
384,586095.00,3351295.00,473.968,4592.15,-0.366,Grassland / pasture,1300.00,2732886.12,110410.97,2843297.09
385,586095.00,3351285.00,473.931,4602.15,-0.396,Grassland / pasture,1300.00,2745886.12,110410.97,2856297.09
386,586095.00,3351275.00,473.892,4612.15,-0.457,Grassland / pasture,1300.00,2758886.12,110410.97,2869297.09
387,586095.00,3351265.00,473.846,4622.15,-0.518,Grassland / pasture,1300.00,2771886.12,110410.97,2882297.09
388,586095.00,3351255.00,473.794,4632.15,8.082,Grassland / pasture,1300.00,2784886.12,110410.97,2895297.09
389,586105.00,3351245.00,474.937,4646.30,7.306,Grassland / pasture,1300.00,2810622.41,110410.97,2921033.38
390,586115.00,3351235.00,475.971,4660.44,6.423,Grassland / pasture,1300.00,2834646.94,110410.97,2945057.91
391,586125.00,3351225.00,476.879,4674.58,5.949,Grassland / pasture,1300.00,2856721.96,110410.97,2967132.94
392,586135.00,3351215.00,477.720,4688.72,5.647,Grassland / pasture,1300.00,2877817.15,110410.97,2988228.12
393,586145.00,3351205.00,478.519,4702.86,5.625,Grassland / pasture,1300.00,2898634.96,110410.97,3009045.93
394,586155.00,3351195.00,479.314,4717.01,5.733,Grassland / pasture,1300.00,2919432.96,110410.97,3029843.94
395,586165.00,3351185.00,480.125,4731.15,5.927,Grassland / pasture,1300.00,2940330.02,110410.97,3050741.00
396,586175.00,3351175.00,480.963,4745.29,6.056,Grassland / pasture,1300.00,2961405.40,110410.97,3071816.37
397,586185.00,3351165.00,481.820,4759.43,6.035,Grassland / pasture,1300.00,2982672.09,110410.97,3093083.06
398,586195.00,3351155.00,482.673,4773.57,5.776,Grassland / pasture,1300.00,3003891.23,110410.97,3114302.21
399,586205.00,3351145.00,483.490,4787.72,5.302,Grassland / pasture,1300.00,3024827.92,110410.97,3135238.89
400,586215.00,3351135.00,484.240,4801.86,4.569,Grassland / pasture,1300.00,3045328.74,110410.97,3155739.71
401,586225.00,3351125.00,484.886,4816.00,3.836,Grassland / pasture,1300.00,3065155.95,110410.97,3175566.93
402,586235.00,3351115.00,485.428,4830.14,3.104,Grassland / pasture,1300.00,3084309.56,110410.97,3194720.53
403,586245.00,3351105.00,485.867,4844.28,2.543,Grassland / pasture,1300.00,3102789.55,110410.97,3213200.52
404,586255.00,3351095.00,486.227,4858.43,2.263,Grassland / pasture,1300.00,3121174.33,110410.97,3231585.30
405,586265.00,3351085.00,486.547,4872.57,2.241,Grassland / pasture,1300.00,3139559.10,110410.97,3249970.08
406,586275.00,3351075.00,486.864,4886.71,4.117,Grassland / pasture,1300.00,3157943.88,110410.97,3268354.85
407,586285.00,3351065.00,487.446,4900.85,7.974,Grassland / pasture,1300.00,3177355.04,110410.97,3287766.01
408,586295.00,3351055.00,488.574,4915.00,2.377,Grassland / pasture,1300.00,3202853.58,110410.97,3313264.56
409,586295.00,3351045.00,488.812,4925.00,0.853,Grassland / pasture,1300.00,3215853.58,110410.97,3326264.56
410,586295.00,3351035.00,488.897,4935.00,0.975,Grassland / pasture,1300.00,3228853.58,110410.97,3339264.56
411,586295.00,3351025.00,488.995,4945.00,1.158,Grassland / pasture,1300.00,3241853.58,110410.97,3352264.56
412,586295.00,3351015.00,489.110,4955.00,1.311,Grassland / pasture,1300.00,3254853.58,110410.97,3365264.56
413,586295.00,3351005.00,489.242,4965.00,1.433,Grassland / pasture,1300.00,3267853.58,110410.97,3378264.56
414,586295.00,3350995.00,489.385,4975.00,1.524,Grassland / pasture,1300.00,3280853.58,110410.97,3391264.56
415,586295.00,3350985.00,489.537,4985.00,1.615,Grassland / pasture,1300.00,3293853.58,110410.97,3404264.56
416,586295.00,3350975.00,489.699,4995.00,1.615,Grassland / pasture,1300.00,3306853.58,110410.97,3417264.56
417,586295.00,3350965.00,489.860,5005.00,1.676,Grassland / pasture,1300.00,3319853.58,110410.97,3430264.56
418,586295.00,3350955.00,490.028,5015.00,1.646,Grassland / pasture,1300.00,3332853.58,110410.97,3443264.56
419,586295.00,3350945.00,490.193,5025.00,1.646,Grassland / pasture,1300.00,3345853.58,110410.97,3456264.56
420,586295.00,3350935.00,490.357,5035.00,1.554,Grassland / pasture,1300.00,3358853.58,110410.97,3469264.56
421,586295.00,3350925.00,490.513,5045.00,1.494,Grassland / pasture,1300.00,3371853.58,110410.97,3482264.56
422,586295.00,3350915.00,490.662,5055.00,1.372,Grassland / pasture,1300.00,3384853.58,110410.97,3495264.56
423,586295.00,3350905.00,490.799,5065.00,1.219,Grassland / pasture,1300.00,3397853.58,110410.97,3508264.56
424,586295.00,3350895.00,490.921,5075.00,1.097,Grassland / pasture,1300.00,3410853.58,110410.97,3521264.56
425,586295.00,3350885.00,491.031,5085.00,0.914,Grassland / pasture,1300.00,3423853.58,110410.97,3534264.56
426,586295.00,3350875.00,491.122,5095.00,0.701,Grassland / pasture,1300.00,3436853.58,110410.97,3547264.56
427,586295.00,3350865.00,491.192,5105.00,0.518,Grassland / pasture,1300.00,3449853.58,110410.97,3560264.56
428,586295.00,3350855.00,491.244,5115.00,0.305,Grassland / pasture,1300.00,3462853.58,110410.97,3573264.56
429,586295.00,3350845.00,491.275,5125.00,0.091,Grassland / pasture,1300.00,3475853.58,110410.97,3586264.56
430,586295.00,3350835.00,491.284,5135.00,-0.183,Grassland / pasture,1300.00,3488853.58,110410.97,3599264.56
431,586295.00,3350825.00,491.265,5145.00,-0.366,Grassland / pasture,1300.00,3501853.58,110410.97,3612264.56
432,586295.00,3350815.00,491.229,5155.00,-0.640,Grassland / pasture,1300.00,3514853.58,110410.97,3625264.56
433,586295.00,3350805.00,491.165,5165.00,-0.853,Grassland / pasture,1300.00,3527853.58,110410.97,3638264.56
434,586295.00,3350795.00,491.080,5175.00,-1.097,Grassland / pasture,1300.00,3540853.58,110410.97,3651264.56
435,586295.00,3350785.00,490.970,5185.00,-1.311,Grassland / pasture,1300.00,3553853.58,111288.80,3665142.38
436,586295.00,3350775.00,490.839,5195.00,-1.494,Grassland / pasture,1300.00,3566853.58,112337.31,3679190.90
437,586295.00,3350765.00,490.689,5205.00,-1.707,Grassland / pasture,1300.00,3579853.58,113532.13,3693385.71
438,586295.00,3350755.00,490.519,5215.00,-1.859,Grassland / pasture,1300.00,3592853.58,114897.64,3707751.22
439,586295.00,3350745.00,490.333,5225.00,1.142,Grassland / pasture,1300.00,3605853.58,116385.06,3722238.65
440,586305.00,3350735.00,490.494,5239.14,0.733,Grassland / pasture,1300.00,3624238.36,116385.06,3740623.42
441,586315.00,3350725.00,490.598,5253.28,0.496,Grassland / pasture,1300.00,3642623.14,116385.06,3759008.20
442,586325.00,3350715.00,490.668,5267.42,0.560,Grassland / pasture,1300.00,3661007.91,116385.06,3777392.98
443,586335.00,3350705.00,490.747,5281.56,0.776,Grassland / pasture,1300.00,3679392.69,116385.06,3795777.75
444,586345.00,3350695.00,490.857,5295.71,1.056,Grassland / pasture,1300.00,3697777.47,116385.06,3814162.53
445,586355.00,3350685.00,491.006,5309.85,1.358,Grassland / pasture,1300.00,3716162.24,116385.06,3832547.31
446,586365.00,3350675.00,491.198,5323.99,1.466,Grassland / pasture,1300.00,3734547.02,116385.06,3850932.08
447,586375.00,3350665.00,491.406,5338.13,1.358,Grassland / pasture,1300.00,3752931.79,116385.06,3869316.86
448,586385.00,3350655.00,491.598,5352.27,1.035,Grassland / pasture,1300.00,3771316.57,116385.06,3887701.64
449,586395.00,3350645.00,491.744,5366.42,0.474,Grassland / pasture,1300.00,3789701.35,116385.06,3906086.41
450,586405.00,3350635.00,491.811,5380.56,-0.216,Grassland / pasture,1300.00,3808086.12,116385.06,3924471.19
451,586415.00,3350625.00,491.781,5394.70,-0.884,Grassland / pasture,1300.00,3826470.90,116385.06,3942855.96
452,586425.00,3350615.00,491.656,5408.84,-1.422,Grassland / pasture,1300.00,3844855.68,116385.06,3961240.74
453,586435.00,3350605.00,491.454,5422.99,-1.724,Grassland / pasture,1300.00,3863240.45,117994.41,3981234.86
454,586445.00,3350595.00,491.211,5437.13,-1.703,Grassland / pasture,1300.00,3881625.23,119945.14,4001570.36
455,586455.00,3350585.00,490.970,5451.27,-1.379,Grassland / pasture,1300.00,3900010.00,121871.48,4021881.48
456,586465.00,3350575.00,490.775,5465.41,-0.797,Grassland / pasture,1300.00,3918394.78,123432.05,4041826.84
457,586475.00,3350565.00,490.662,5479.55,-0.108,Grassland / pasture,1300.00,3936779.56,123432.05,4060211.61
458,586485.00,3350555.00,490.647,5493.70,0.625,Grassland / pasture,1300.00,3955164.33,123432.05,4078596.39
459,586495.00,3350545.00,490.735,5507.84,1.229,Grassland / pasture,1300.00,3973549.11,123432.05,4096981.16
460,586505.00,3350535.00,490.909,5521.98,1.616,Grassland / pasture,1300.00,3991933.89,123432.05,4115365.94
461,586515.00,3350525.00,491.137,5536.12,1.746,Grassland / pasture,1300.00,4010318.66,123432.05,4133750.72
462,586525.00,3350515.00,491.384,5550.26,1.660,Grassland / pasture,1300.00,4028703.44,123432.05,4152135.49
463,586535.00,3350505.00,491.619,5564.41,1.401,Grassland / pasture,1300.00,4047088.22,123432.05,4170520.27
464,586545.00,3350495.00,491.817,5578.55,1.099,Grassland / pasture,1300.00,4065472.99,123432.05,4188905.05
465,586555.00,3350485.00,491.973,5592.69,-1.920,Grassland / pasture,1300.00,4083857.77,123432.05,4207289.82
466,586555.00,3350475.00,491.781,5602.69,-1.737,Grassland / pasture,1300.00,4096857.77,124968.25,4221826.02
467,586555.00,3350465.00,491.607,5612.69,-1.615,Grassland / pasture,1300.00,4109857.77,126358.14,4236215.91
468,586555.00,3350455.00,491.445,5622.69,-1.402,Grassland / pasture,1300.00,4122857.77,127650.50,4250508.26
469,586555.00,3350445.00,491.305,5632.69,-1.250,Grassland / pasture,1300.00,4135857.77,128772.16,4264629.93
470,586555.00,3350435.00,491.180,5642.69,-1.036,Grassland / pasture,1300.00,4148857.77,129771.91,4278629.68
471,586555.00,3350425.00,491.076,5652.69,-0.853,Grassland / pasture,1300.00,4161857.77,130600.97,4292458.73
472,586555.00,3350415.00,490.991,5662.69,-0.640,Grassland / pasture,1300.00,4174857.77,130600.97,4305458.73
473,586555.00,3350405.00,490.927,5672.69,-0.427,Grassland / pasture,1300.00,4187857.77,130600.97,4318458.73
474,586555.00,3350395.00,490.884,5682.69,-0.213,Grassland / pasture,1300.00,4200857.77,130600.97,4331458.73
475,586555.00,3350385.00,490.863,5692.69,0.000,Grassland / pasture,1300.00,4213857.77,130600.97,4344458.73
476,586555.00,3350375.00,490.863,5702.69,0.183,Grassland / pasture,1300.00,4226857.77,130600.97,4357458.73
477,586555.00,3350365.00,490.881,5712.69,0.396,Grassland / pasture,1300.00,4239857.77,130600.97,4370458.73
478,586555.00,3350355.00,490.921,5722.69,0.579,Grassland / pasture,1300.00,4252857.77,130600.97,4383458.73
479,586555.00,3350345.00,490.979,5732.69,0.732,Grassland / pasture,1300.00,4265857.77,130600.97,4396458.73
480,586555.00,3350335.00,491.052,5742.69,0.914,Grassland / pasture,1300.00,4278857.77,130600.97,4409458.73
481,586555.00,3350325.00,491.144,5752.69,2.694,Grassland / pasture,1300.00,4291857.77,130600.97,4422458.73
482,586565.00,3350315.00,491.525,5766.83,0.970,Grassland / pasture,1300.00,4310242.54,130600.97,4440843.51
483,586575.00,3350305.00,491.662,5780.98,-4.505,Grassland / pasture,1300.00,4328627.32,130600.97,4459228.29
484,586585.00,3350295.00,491.025,5795.12,-1.494,Grassland / pasture,1300.00,4348395.10,135697.23,4484092.33
485,586585.00,3350285.00,490.875,5805.12,1.280,Grassland / pasture,1300.00,4361395.10,136892.05,4498287.15
486,586585.00,3350275.00,491.003,5815.12,1.311,Grassland / pasture,1300.00,4374395.10,136892.05,4511287.15
487,586585.00,3350265.00,491.134,5825.12,1.311,Grassland / pasture,1300.00,4387395.10,136892.05,4524287.15
488,586585.00,3350255.00,491.265,5835.12,-3.707,Grassland / pasture,1300.00,4400395.10,136892.05,4537287.15
489,586575.00,3350245.00,490.741,5849.26,-3.707,Grassland / pasture,1300.00,4419429.83,141086.11,4560515.93
490,586565.00,3350235.00,490.217,5863.40,-3.664,Grassland / pasture,1300.00,4438464.56,145280.16,4583744.72
491,586555.00,3350225.00,489.699,5877.54,-3.642,Grassland / pasture,1300.00,4457459.66,149425.45,4606885.12
492,586545.00,3350215.00,489.184,5891.69,-3.642,Grassland / pasture,1300.00,4476434.96,153546.36,4629981.31
493,586535.00,3350205.00,488.669,5905.83,-3.664,Grassland / pasture,1300.00,4495410.25,157667.26,4653077.51
494,586525.00,3350195.00,488.150,5919.97,0.640,Grassland / pasture,1300.00,4514405.36,161812.55,4676217.91
495,586525.00,3350185.00,488.214,5929.97,0.549,Grassland / pasture,1300.00,4527405.36,161812.55,4689217.91
496,586525.00,3350175.00,488.269,5939.97,0.335,Grassland / pasture,1300.00,4540405.36,161812.55,4702217.91
497,586525.00,3350165.00,488.303,5949.97,0.244,Grassland / pasture,1300.00,4553405.36,161812.55,4715217.91
498,586525.00,3350155.00,488.327,5959.97,0.122,Grassland / pasture,1300.00,4566405.36,161812.55,4728217.91
499,586525.00,3350145.00,488.339,5969.97,0.000,Grassland / pasture,1300.00,4579405.36,161812.55,4741217.91
500,586525.00,3350135.00,488.339,5979.97,-4.763,Grassland / pasture,1300.00,4592405.36,161812.55,4754217.91
501,586515.00,3350125.00,487.666,5994.11,-4.871,Grassland / pasture,1300.00,4612410.88,167201.42,4779612.30
502,586505.00,3350115.00,486.977,6008.25,1.229,Grassland / pasture,1300.00,4632515.46,172712.22,4805227.68
503,586495.00,3350105.00,487.151,6022.40,-5.547,Grassland / pasture,1300.00,4650900.24,172712.22,4823612.46
504,586485.00,3350105.00,486.596,6032.40,-5.395,Grassland / pasture,1300.00,4665556.03,177150.11,4842706.14
505,586475.00,3350105.00,486.056,6042.40,-5.395,Grassland / pasture,1300.00,4680112.76,181466.09,4861578.85
506,586465.00,3350105.00,485.517,6052.40,-5.486,Grassland / pasture,1300.00,4694669.49,185782.07,4880451.56
507,586455.00,3350105.00,484.968,6062.40,,Grassland / pasture,1300.00,4709285.66,190171.20,4899456.85
